Page|Date|Title
121001|06 މެއި 2023 - 23:25|ޑްރަގް އެތެރެކުރި މީހާގެ ބަސް ދަންނަ މީހަކު އަދިވެސް ނުލިބޭ
121002|07 މެއި 2023 - 00:07|ބޯގަންވިލާ ގޭގައި އަލިފާނުގެ ހާދިސާއެއް
121003|07 މެއި 2023 - 08:43|ކަރެކްޝަންސް ބަލިކޮށް އެފްއެސްއެމް އަށް ސެމީގެ އުންމީދެއް
121004|07 މެއި 2023 - 09:36|މާޒިން، ޕެރަލިމްޕިކްގެ ފުރަތަމަ ރަން މެޑަލް އެތުލީޓް
121005|07 މެއި 2023 - 07:58|ޖަދަލު
121006|07 މެއި 2023 - 09:30|ނުވަ އަހަރަށް ފަހު ރެއާލުން ސްޕެނިޝް ކަޕް އުފުލާލައިފި
121007|07 މެއި 2023 - 10:09|ލަމްޕާޑާ އެކު ޗެލްސީން ފުރަތަމަ ފަހަރަށް ހަމަނޭވާއެއް
121008|08 މެއި 2023 - 06:24|"""ސިޓަޑޭލް"" ގެ ހިންދީ ވާޝަނަކީ ރިމޭކެއް ނޫން: ސަމާންތާ"
121009|07 މެއި 2023 - 11:19|މެޗު ހަމަކޮށްގެން ސިޓީ އަށް ހަތަރު ޕޮއިންޓްގެ ލީޑެއް
121010|07 މެއި 2023 - 15:24|ނައީމާގެ މަރަށް މަހެއް: ގާތިލް ފެނޭތޯ 100 އަށްވުރެ ގިނަ ފޮރެންސިކް ސާމްޕަލް ނަގައިފި
121011|08 މެއި 2023 - 06:22|ޝާހީ ހަފްލާގައި ކޭޓީ އުޅުނު ގޮތް މީމް އަކަށް
121012|07 މެއި 2023 - 15:23|ހަމީދުބެ: ފުވައްމުލަކުގެ ތައުލީމު ބަދަލުކޮށްލެއްވި ހިދުމަތްތެރިއެއް
121013|08 މެއި 2023 - 06:56|ދިވެހި ފުރަތަމަ ޕައިލެޓްގެ އިންޖީނަކީ ހިތްވަރާއި އަހުލާގު
121014|07 މެއި 2023 - 12:19|ސާފްގެ ނައިބު ރައީސަކަށް އަލީ އުމަރު އިންތިހާބު ކޮށްފި
121016|08 މެއި 2023 - 06:21|"ޓޭލާ ސްވިފްޓުގެ ""ސްޕީކް ނައު"" އަލްބަމްގެ ވެސް އަމިއްލަ ވާޝަނެއް އިއުލާނުކޮށްފި"
121018|07 މެއި 2023 - 13:33|ހުމާމް މަރަން ކުރި ހުކުމުގެ މައްސަލަ ސުޕްރީމް ކޯޓަށް
121019|07 މެއި 2023 - 13:30|ފުށް ގުދަނުގައި ބަސްތާތަކެއް ވެއްޓި ދެ މީހަކަށް އަނިޔާވެއްޖެ
